THCIC_ID,PROVIDER_NAME,ZIP
100,Austin State Hospital,78751
101,Big Spring State Hospital,79702
102,UT Medical Branch Hospital,77550
104,Rio Grande State Center,78552
105,UT MD Anderson Cancer Center,77030
106,Kerrville State Hospital,78028
107,Rusk State Hospital,75785
108,Texas Center for Infectious Disease,78223
110,San Antonio State Hospital,78223
111,Terrell State Hospital,75160
112,UT Health Center-Tyler,75708
113,North Texas State Hospital-Vernon,76385
114,North Texas State Hospital,76308
115,Harris County Psychiatric Center,77021
117,Waco Center for Youth,76708
118,El Paso Psychiatric Center,79905
1000,Baptist St Anthonys Hospital,79106
2001,St Joseph Regional Health Center,77802
6000,Matagorda Regional Medical Center,77414
6001,Matagorda Regional Medical Center,77414
7000,Womans Hospital-Texas,77054
8001,Baylor Medical Center at Uptown,75204
10000,WJ Mangold Memorial Hospital,79241
13001,Grace Medical Center,79407
14000,Columbus Community Hospital,78934
16000,Anson General Hospital,79501
17000,Jackson County Hospital,77957
19000,Valley Regional Medical Center,78526
20000,Good Shepherd Medical Center-Marshall,75670
23000,Yoakum Community Hospital,77995
26000,Childress Regional Medical Center,79201
27000,Baylor Scott & White Medical Center-Garland,75042
28000,Kindred Hospital-Dallas,75231
29000,Good Shepherd Medical Center,75601
30000,United Memorial Medical Center,77091
31001,Allegiance Specialty Hospital-Kilgore,75662
34000,Palo Pinto General Hospital,76067
35000,St Davids Hospital,78705
38001,CHRISTUS Jasper Memorial Hospital,75951
40000,Providence Health Center,76712
41000,Madison St Joseph Health Center,77864
42000,Baylor Scott & White Medical Center Carrollton,75010
43000,Stamford Memorial Hospital,79553
44000,Baylor Scott & White Medical Center Taylor,76574
46000,Faith Community Hospital,76458
47000,Texas Health Huguley Hospital,76028
49000,Coleman County Medical Center,76834
52000,Limestone Medical Center,76642
54000,Texas Scottish Rite Hospital for Children,75219
56000,San Angelo Community Medical Center,76904
58000,Brownwood Regional Medical Center,76801
59000,Glen Rose Medical Center,76043
61000,Huntsville Memorial Hospital,77340
62000,Winkler County Memorial Hospital,79745
63000,Uvalde Memorial Hospital,78801
64000,Citizens Medical Center,77901
66000,Baylor Scott & White Hospital-Brenham,77833
70000,Goodall - Witcher Hospital,76634
71000,College Station Medical Center,77845
72000,Memorial Medical Center-San Augustine,75972
74000,Cuero Community Hospital,77954
75000,Mitchell County Hospital,79512
76000,Tomball Regional Medical Center,77375
78000,Brownfield Regional Medical Center,79316
81001,Mission Trail Baptist Hospital,78235
84000,Wilbarger General Hospital,76384
85000,Hunt Regional Medical Center Greenville,75402
89001,Liberty-Dayton Regional Medical Center,77575
91001,Abilene Regional Medical Center,79606
94000,Graham Regional Medical Center,76450
95002,Paris Regional Medical Center South Campus,75460
98000,Ochiltree General Hospital,79070
100084,Sundance Hospital,76001
100087,Montgomery County Mental Health Treatment Facility,77301
100093,Baylor Institute for Rehab Frisco,75034
101100,Baptist Emergency Hospital Hausman,78249
101200,Baylor Scott & White Emergency Hospital Cedar Park,78613
101300,Westside Surgical Hospital,77027
101400,Oceans Behavioral Hospital of the Permian Basin,79706
102000,Hardeman County Memorial Hospital,79252
103000,Memorial Hospital,78629
106001,TMC Bonham Hospital,75418
106100,Oceans Behavioral Hospital of Longview,75605
109000,Covenant Medical Center-Lakeside,79410
112100,Healthsouth Rehabilitation Hospital of Cypress,77065
113000,Memorial Hospital,78629
114001,Baptist Medical Center,78205
114100,Lone Star Behavioral Health Cypress,77429
115100,Texas General Hospital,75051
116000,Parkview Hospital,79096
117000,Texas Childrens Hospital,77030
117002,Texas Childrens Hospital West Campus,77094
117100,Texas Childrens Hospital-Pavilion for Women,77030
118000,CHI St Lukes Health Baylor College of Medicine Medical,77030
119000,Memorial Hermann Southeast Hospital,77089
124000,Houston Methodist Hospital,77030
124100,PAM Specialty Hospital of New Braunfels,78130
126000,UTMB Angleton Danbury Medical Center,77515
127000,Mid-Jefferson Extended Care Hospital,77701
129000,Memorial Medical Center East Texas,77979
130000,The Hospitals of Providence Memorial Campus,79902
134001,Northeast Baptist Hospital,78217
136000,Schleicher County Medical Center,76936
137000,Titus Regional Medical Center,75455
139000,Culberson Hospital,79855
140002,Edinburg Regional Medical Center,78539
141000,Navarro Regional Hospital,75110
142000,Methodist Charlton Medical Center,75237
143000,Childrens Medical Center-Dallas,75235
143001,Childrens Medical Center Plano,75024
144000,Wadley Regional Medical Center,75501
145000,University Medical Center,79415
146000,Covenant Hospital-Plainview,79072
147000,Lillian M Hudspeth Memorial Hospital,76950
151000,North Runnels Hospital,79567
154000,Methodist Hospital,78229
154001,Methodist Specialty & Transplant Hospital,78229
154002,Northeast Methodist Hospital,78233
154003,Methodist Texsan Hospital,78201
155000,Guadalupe Regional Medical Center,78155
156000,Dimmit Regional Hospital,78834
158000,University Hospital,78229
159000,Cochran Memorial Hospital,79346
164000,TIRR Memorial Hermann,77030
168000,Shannon West Texas Memorial Hospital,76903
172000,Memorial Hermann Northwest Hospital,77008
176000,Crosbyton Clinic Hospital,79322
178000,Sweeny Community Hospital,77480
180000,Las Palmas Medical Center,79902
181000,Medical Center Hospital,79760
182000,Texas Health Harris Methodist HEB,76022
187000,Permian Regional Medical Center,79714
192000,Lynn County Hospital District,79373
193000,Clay County Memorial Hospital,76365
195000,Collingsworth General Hospital,79095
199000,Memorial Hospital,78629
200000,Parmer Medical Center,79035
202000,Concho County Hospital,76837
205000,Kimble Hospital,76849
206100,Baylor Scott & White Hospital College Station,77845
207001,Laredo Medical Center,78041
208100,The Heart Hospital Baylor Denton,76208
210100,ContinueCare Hospital of Midland,79703
212000,Clear Lake Regional Medical Center,77598
214000,Medical Center-Plano,75075
216001,CHRISTUS Spohn Hospital-Kleberg,78363
217000,Lamb Healthcare Center,79339
219000,Hill Country Memorial Hospital,78624
221000,Scenic Mountain Medical Center,79720
222000,Eastland Memorial Hospital,76448
228001,Southwest General Hospital,78224
229000,Houston Northwest Medical Center,77090
230000,Oakbend Medical Center,77469
230001,Oakbend Medical Center,77469
230002,Hospital for Surgical Excellence of Oakbend Medical Cen,77478
234000,Ballinger Memorial Hospital District,76821
235000,Texas Health Harris Methodist Hospital-Fort Worth,76104
239001,Care Regional Medical Center,78336
240000,McCamey Hospital,79752
246000,Columbia Medical Center-McKinney,75069
247000,Shriners Hospital for Children-Galveston,77550
248000,East Texas Medical Center Henderson,75652
254000,Wise Health System,76234
254001,Wise Health System,76234
255000,Methodist Dallas Medical Center,75265
256000,Texas Health Harris Methodist Hospital-Stephenville,76401
258000,Iraan General Hospital,79744
260000,Plains Memorial Hospital,79027
262000,Coon Memorial Hospital & Home,79022
263000,University Medical Center of El Paso,79905
266000,The Hospitals of Providence Sierra Campus,79902
273000,Swisher Memorial Hospital,79088
280000,Hopkins County Memorial Hospital,75482
283000,Metropolitan Methodist Hospital,78212
285000,Baylor Scott & White Medical Center Waxahachie,75165
286000,Christus Mother Frances Hospital Tyler,75701
287000,East Texas Medical Center-Trinity,75862
290000,Rankin County Hospital District,79778
294000,Hamilton Hospital,76374
297000,Wilson N Jones Regional Medical Center,75092
297002,Wilson N Jones Regional Medical Center Behavioral Healt,75092
298000,North Texas Medical Center,76240
299001,CHRISTUS Hospital-St Mary,77642
300000,Baylor Scott & White Medical Center-Irving,75061
301000,Doctors Hospital-Laredo,78045
302000,Memorial Hermann Memorial City Medical Center,77024
303000,Texas Health Presbyterian Hospital-Kaufman,75142
305000,Hamlin Memorial Hospital,79520
307000,Covenant Hospital-Levelland,79336
314001,Valley Baptist Medical Center-Brownsville,78520
315003,Dallas Regional Medical Center,75149
318000,Northwest Texas Hospital,79106
319000,Del Sol Medical Center,79925
323000,Texas Health Harris Methodist Hospital Cleburne,76031
331000,Baylor University Medical Center,75246
332000,Cook Childrens Medical Center,76104
334002,South Texas Regional Medical Center,78026
335000,University Medical Center-Brackenridge,78701
336001,Denton Regional Medical Center,76210
337001,West Houston Medical Center,77082
339001,CHRISTUS Santa Rosa Medical Center,78229
339002,CHRISTUS Santa Rosa Hospital-Westover Hills,78251
340000,Medical City Dallas Hospital,75230
341000,Medical Arts Hospital,79331
343000,Reagan Memorial Hospital,76932
346000,Coryell Memorial Hospital,76528
347000,Memorial Hermann Hospital,77030
348000,Nocona General Hospital,76255
349001,Bayshore Medical Center,77504
355000,Fisher County Hospital District,79546
356000,Pecos County Memorial Hospital,79735
357000,Otto Kaiser Memorial Hospital,78119
362000,Heart of Texas Healthcare System,76825
363000,Baylor Scott & White All Saints Medical Center-Fort Wor,76104
365000,Muenster Memorial Hospital,76252
367000,Reeves County Hospital,79772
368000,Refugio County Memorial Hospital District,78377
369000,Little River Healthcare,76567
370000,Mission Regional Medical Center,78572
374000,East Texas Medical Center-Athens,75751
383000,Hill Regional Hospital,76645
384000,Lyndon B Johnson General Hospital,77026
388000,Martin County Hospital District,79782
389000,Baptist Hospitals of Southeast Texas,77704
390000,Park Plaza Hospital,77004
392000,Nacogdoches Medical Center,75965
393000,Starr County Memorial Hospital,78582
394000,Medical Center-Lewisville,75057
395000,Hansford County Hospital,79081
396001,Nix Specialty Health Center,78230
396002,Nix Health Care System,78205
397000,Rollins Brooks Community Hospital,76550
397001,Metroplex Hospital,76549
398000,CHRISTUS Spohn Hospital Corpus Christi,78404
398001,CHRISTUS Spohn Hospital Corpus Christi-Shoreline,78404
398002,CHRISTUS Spohn Hospital Corpus Christi-South,78414
400000,Valley Baptist Medical Center,78550
401000,East Texas Medical Center-Fairfield,75840
405000,Houston Methodist San Jacinto Hospital,77521
406000,Peterson Regional Medical Center,78028
407000,Memorial Hermann Southwest Hospital,77074
409000,John Peter Smith Hospital,76104
410000,East Texas Medical Center,75701
411000,East Texas Medical Center-Quitman,75783
416000,East Texas Medical Center-Jacksonville,75766
417000,United Regional Health Care System,76301
420000,Hereford Regional Medical Center,79045
422000,Texas Health Arlington Memorial Hospital,76012
424000,Lake Granbury Medical Center,76048
424500,Seton Smithville Regional Hospital,78957
425000,Odessa Regional Medical Center,79761
426000,El Campo Memorial Hospital,77437
427000,Medina Regional Hospital,78861
428000,Throckmorton County Memorial Hospital,76483
429001,CHRISTUS Spohn Hospital-Beeville,78102
430000,Stephens Memorial Hospital,76424
431000,Texas Health Presbyterian Hospital Dallas,75231
433000,Connally Memorial Medical Center,78114
436000,Brazosport Regional Health System,77566
437000,North Hills Hospital,76180
438000,East Texas Medical Center-Pittsburg,75686
439000,Cogdell Memorial Hospital,79549
441000,Frio Regional Hospital,78061
442000,Bayside Community Hospital,77514
444001,CHRISTUS St Elizabeth Hospital,77702
446001,Christus Mother Frances Hospital Winnsboro,75494
448001,UT Southwestern University Hospital-St Paul,75098
449000,Dallas Medical Center,75234
452000,Midland Memorial Hospital,79701
453000,DeTar Hospital-Navarro,77901
453001,DeTar Hospital-North,77904
457000,Hemphill County Hospital,79014
458001,East Houston Regional Medical Center,77015
459000,Ben Taub General Hospital,77030
459001,Quentin Mease Community Hospital,77004
462000,Val Verde Regional Medical Center,78840
464002,Medical Center-Southeast Texas,77640
465000,Covenant Medical Center,79410
466000,Memorial Medical Center-Livingston,77351
467000,Crane Memorial Hospital,79731
468000,Ward Memorial Hospital,79756
469000,Texas Health Harris Methodist Hospital Azle,76020
471000,Rolling Plains Memorial Hospital,79556
474000,Parkland Memorial Hospital,75235
476000,Baylor Scott & White Medical Center Llano,78643
477000,Plaza Medical Center-Fort Worth,76104
478000,Memorial Hospital,78629
480000,Knapp Medical Center,78596
481000,Woodland Heights Medical Center,75901
484000,East Texas Medical Center-Carthage,75633
485000,Yoakum County Hospital,79323
487000,Memorial Medical Center,77979
488000,Driscoll Childrens Hospital,78411
490000,Electra Memorial Hospital,76360
495001,Comanche County Medical Center,76442
497000,Seton Medical Center,78705
500000,Hendrick Medical Center,79601
502000,Medical Center-Arlington,76012
503001,St Lukes Baptist Hospital,78229
505000,Parkview Regional Hospital,76667
506000,Baylor Scott & White Medical Center Hillcrest,76712
506001,Hillcrest Baptist Medical Center,76712
508001,Conroe Regional Medical Center,77304
511000,Baylor Scott & White Medical Center White Rock,75218
513000,Baylor Scott & White Medical Center-Grapevine,76051
517000,Falls Community Hospital & Clinic,76661
522000,Sabine County Hospital,75948
523000,Chillicothe Hospital,79225
525000,Longview Regional Medical Center,75605
526000,Shriners Hospitals for Children,77550
527000,Lavaca Medical Center,77964
534001,Memorial Hermann Katy Hospital,77494
537000,Scott & White Medical Center Temple,76508
537006,Baylor Scott & White McLane Childrens Medical Center,76502
546000,Seymour Hospital,76380
547001,Fort Duncan Regional Medical Center,78852
549000,Methodist Richardson Medical Center,75082
549001,Bush Renner,75082
552000,Bellville St Joseph Health Center,77418
556000,Central Texas Medical Center,78666
559000,Seton Highland Lakes Hospital,78611
560000,Rice Medical Center,77434
568000,Knox County Hospital,79529
569000,Tyler County Hospital,75979
571000,Shamrock General Hospital,79079
572000,Haskell Memorial Hospital,79521
574001,Palacios Community Medical Center,77465
597000,Seton Edgar B Davis Hospital,78648
601000,Rio Grande Regional Hospital,78503
602000,St Davids South Austin Hospital,78704
606000,Cypress Fairbanks Medical Center,77065
608000,Round Rock Medical Center,78681
609001,Memorial Hermann Sugar Land,77479
615000,Memorial Hermann The Woodlands Hospital,77380
616000,HEALTHSOUTH Rehab Hospital Humble,77338
622001,Texas NeuroRehab Center,78745
625000,Baylor Scott & White Medical Center Lake Pointe,75088
627000,Texas Health Harris Methodist Hospital-Southwest Fort W,76132
629001,Palestine Regional Medical Center,75801
631000,Muleshoe Area Medical Center,79347
634000,Childrens Hospital of San Antonio,78229
636000,HEALTHSOUTH Rehab Institute-San Antonio,78250
640000,Hamilton General Hospital,76531
642000,Baylor Institute for Rehab,75246
645000,Kindred Hospital-San Antonio,78229
647000,Baptist Emergency Hospital Thousand Oaks,78232
649000,St Davids Rehab Center,78705
652000,Texas Health Specialty Hospital-Fort Worth,76104
653001,UT Southwestern University Hospital-Zale Lipshy,75390
654000,Golden Plains Community Hospital,79007
657000,Kindred Hospital-Mansfield,76063
659000,HEALTHSOUTH Rehab Hospital,76102
660000,HEALTHSOUTH Rehab Hospital-Arlington,76015
662000,HEALTHSOUTH City View Rehab Hospital,76132
664000,Texas Health Presbyterian Hospital-Plano,75093
666000,Stonewall Memorial Hospital,79502
670000,HEALTHSOUTH Plano Rehab Hospital,75075
670001,Mesquite Rehab Hospital,75149
672000,Select Specialty Hospital-Dallas,75115
674000,TOPS Surgical Specialty Hospital,77090
675000,Kingwood Medical Center,77339
676000,Kindred Hospital-Houston Medical Center,77030
677001,North Central Baptist Hospital,78258
679000,Burleson St Joseph Health Center-Caldwell,77836
680000,Kindred Rehab Hospital Clear Lake,77598
680001,HealthSouth Rehab Hospital Dallas,75230
681001,Methodist Ambulatory Surgery Hospital-Northwest,78240
681400,Kell West Regional Hospital,76310
684000,HEALTHSOUTH Rehab Hospital-Texarkana,75501
685000,HEALTHSOUTH Rehab Hospital-Wichita Falls,76302
686000,Covenant Childrens Hospital,79410
689401,CHRISTUS Spohn Hospital Alice,78332
690000,Kindred Hospital-Tarrant County,76011
690600,LifeCare Hospital-Fort Worth,76132
691000,Memorial Specialty Hospital,75904
692000,Trinity Mother Frances Rehab Hospital,75701
693000,HEALTHSOUTH Rehab Hospital-Midland/Odessa,79707
694100,Surgery Specialty Hospitals of America-Southeast Housto,77504
695000,HEALTHSOUTH Rehab Hospital The Woodlands,77384
698004,Cornerstone Hospital Houston-Clear Lake,77598
698005,Cornerstone Hospital Houston-Bellaire,77081
700000,Cornerstone Hospital-Austin,78756
700003,HealthSouth Rehab Hospital Mid-Cities,76021
701000,Mesa Hills Specialty Hospital,79912
702001,Acuity Hospital South Texas,78212
703000,Corpus Christi Medical Center-Bay Area,78412
703002,Corpus Christi Medical Center-Doctors Regional,78411
703003,Corpus Christi Medical Center-Heart Hospital,78413
703005,Bayview Behavioral Hospital,78414
704004,Corpus Christi Medical Center-Northwest,78410
706000,Kindred Hospital Houston NW,77065
708000,CHRISTUS Dubuis Hospital-Beaumont,77702
708001,CHRISTUS Dubuis Hospital-Port Arthur,77642
709001,Red River Hospital,76301
711900,Big Bend Regional Medical Center,79830
712500,HealthBridge Childrens Hospital-Houston,77082
713001,CHRISTUS St Michael Rehab Hospital,75503
714000,Northwest Texas Surgery Center,79121
714500,Ennis Regional Medical Center,75119
717000,LifeCare Hospital-Dallas,75235
717500,Physicians Centre Hospital,77801
718000,Devereux Texas Treatment Network,77573
718002,Highlands Rehabilitation Hospital,79936
719400,Kindred Hospital-White Rock,75218
720000,Texas Health Seay Behavioral Health Center,75093
720401,Kindred Hospital Baytown,77520
720402,Kindred Hospital Clear Lake,77598
723001,Laurel Ridge Treatment Center,78259
724200,Texas Health Presbyterian Hospital Allen,75013
724700,Houston Methodist Willowbrook Hospital,77070
725400,Christus Mother Frances Hospital-Jacksonville,75766
727100,Kindred Hospital El Paso,79902
728200,El Paso Specialty Hospital,79902
728800,Grimes St Joseph Health Center,77868
730001,Texas Health Heart & Vascular Hospital,76012
736000,DePaul Center,76712
737000,Clarity Child Guidance Center,78229
739001,Texas NeuroRehab Center,78745
740000,St Lukes Hospital at the Vintage,77070
744001,Cypress Creek Hospital,77090
747000,River Crest Hospital,76901
750000,Methodist Hospital for Surgery,75001
752000,Timberlawn Mental Health System,75218
754000,Glen Oaks Hospital,75403
755001,West Oaks Hospital,77074
758000,Houston Hospital for Specialized Surgery,77004
763000,Plaza Specialty Hospital,77004
765001,Millwood Hospital,76011
766000,Green Oaks Hospital,75251
770000,Seton Shoal Creek Hospital,78731
777000,East Texas Medical Center Specialty Hospital,75701
778000,Texas Health Springwood Hospital,76022
781400,Winnie Community Hospital,77665
782001,Intracare North Hospital,77090
784400,Baylor Heart & Vascular Center,75226
785900,Select Specialty Hospital-South Dallas,75237
786200,New Braunfels Regional Rehab Hospital,78130
786800,South Texas Spine & Surgical Hospital,78258
787400,Baylor Medical Center-Frisco,75033
787500,Dubuis Hospital-Paris,75460
788001,CHRISTUS St Michael Health System,75503
788002,Harlingen Medical Center,78550
788003,Christus St Michael Hospital Atlanta,75551
789800,LifeCare Hospital-Plano,75075
790200,Texas Spine & Joint Hospital,75701
790500,Memorial Hermann Surgical Hospital First Colony,77479
792000,Texas Orthopedic Hospital,77030
792600,Kindred Hospital Spring,77373
792601,Kindred Hospital Tomball,77375
792700,Kindred Hospital Sugar Land,77479
792702,Kindred Hospital Town & Country,77043
793000,Mainland Medical Center,77591
793100,St Lukes The Woodlands Hospital,77384
794000,Northwest Hills Surgical Hospital,78731
794200,Menninger Clinic,77035
794600,Select Specialty Hospital-Longview,75601
795000,Nexus Specialty Hospital Shenandoah Campus,77380
795001,Nexus Specialty Hospital,77380
796000,Plum Creek Specialty Hospital,79124
797100,Doctors Hospital-Renaissance,78539
797101,Womens Hospital-Renaissance,78539
797500,Seton Southwest Hospital,78737
797600,Seton Northwest Hospital,78759
799000,East Texas Medical Center Rehab Hospital,75701
799001,USMD Hospital-Arlington,76017
799500,Baylor Surgical Hospital at Las Colinas,75063
800000,Kindred Hospital Tarrant County Fort Worth SW,76132
800010,Houston Methodist West Hospital,77094
800700,Kindred Hospital-Fort Worth,76132
801000,Kindred Hospital Bay Area,77505
801300,Foundation Surgical Hospital of El Paso,79936
801500,Lubbock Heart Hospital,79416
802001,McAllen Medical Center,78503
802003,McAllen Heart Hospital,78503
804000,Sunrise Canyon,79404
804500,Baylor Surgical Hospital-Fort Worth,76110
805000,Plano Specialty Hospital,75075
805100,Baylor Medical Center Trophy Club,76262
806002,Cedar Crest Hospital,76513
806300,Baylor Scott & White Medical Center Centennial,75035
806500,Tyler Continue Care Hospital,75701
812800,Texas Health Harris Methodist Hospital Southlake,76092
813100,Texas Institute for Surgery-Texas Health Presbyterian-D,75231
813800,Memorial Hermann Specialty Hospital Kingwood,77339
814000,Las Colinas Medical Center,75039
814001,Baylor Scott & White Medical Center-Plano,75093
815000,LifeCare Hospital-San Antonio,78240
815300,Texas Health Center-Diagnostics & Surgery Plano,75093
816001,Allegiance Behavioral Health Center-Plainview,79072
816300,Solara Hospital McAllen,78503
818200,Pine Creek Medical Center,75235
818600,Kingwood Pines Hospital,77339
820800,Texas Health Presbyterian Hospital-Denton,76201
821001,LifeCare Hospital-South Texas-South,78503
821002,LifeCare Hospitals-South Texas - North,78504
821100,South Texas Rehab Hospital,78526
822001,Houston Physicians Hospital,77598
822800,Westlake Medical Center,78746
823000,Houston Methodist Sugar Land Hospital,77479
823400,St Marks Medical Center,78945
826800,University Behavioral Health-Denton,76201
829000,Heart Hospital-Austin,78756
829900,North Austin Medical Center,78758
830000,Cornerstone Regional Hospital,78539
831700,Mayhill Hospital,76208
831800,Kindred Rehabilitation Hospital Arlington,76012
832900,Pampa Regional Medical Center,79065
835700,St Davids Georgetown Hospital,78626
836300,Laredo Specialty Hospital,78041
837800,Hickory Trail Hospital,75115
838400,Memorial Hermann Rehab Hospital Katy,77450
838600,St Joseph Medical Center,77002
839100,Vibra Specialty Hospital,75115
839200,Regency Hospital - Fort Worth,76137
840000,Mesquite Specialty Hospital,75149
840200,University General Hospital,77591
840700,Solara Hospital Harlingen,78550
841300,El Paso LTAC Hospital,79902
842800,Methodist Mansfield Medical Center,76063
843200,North Cypress Medical Center,77429
844000,Heart Hospital Baylor Plano,75093
844200,Integrity Transitional Hospital,76208
844600,Warm Springs Rehab Hospital-San Antonio,78229
844601,Warm Springs Rehab Hospital Thousand Oaks,78247
844602,Warm Springs Rehab Hospital Westover Hills,78251
844800,Weatherford Regional Medical Center,76086
846100,St Lukes Patients Medical Center,77505
846200,Covenant Specialty Hospital,79410
847000,Texoma Medical Center,75020
847100,Memorial Hermann Northeast,77338
847500,Solara Hospital-Brownsville Campus,78526
848100,PAM Specialty Hospital of Victoria North,77904
848200,PAM Specialty Hospital of Luling,78648
850300,Baylor Scott & White Continuing Care Hospital,76502
852000,Dell Childrens Medical Center,78723
852100,Foundation Bariatric Hospital-San Antonio,78240
852600,Baylor Scott & White Medical Center Round Rock,78664
852900,Physicians Surgical Hospital-Quail Creek,78250
852901,Physicians Surgical Hospital-Panhandle Campus,79106
854100,Cornerstone Hospital Conroe,77304
854400,Central Texas Rehab Hospital,78705
855200,Austin Lakes Hospital,78705
858200,Ethicus Hospital DFW,76051
858300,Cedar Park Regional Medical Center,78613
858600,El Paso Behavioral Health System,79902
859900,Texas Health Presbyterian Hospital-Rockwall,75032
860600,North Central Surgical Center,75231
861300,Healthsouth Rehab Hospital of Richardson,75080
861400,USMD Hospital Fort Worth,76177
861700,Seton Medical Center Williamson,78665
861900,Kate Dishman Rehab Hospital,77702
862000,Methodist Rehab Hospital,75237
863300,CHRISTUS Santa Rosa Hospital New Braunfels,78130
864600,Carrus Specialty Hospital,75092
865000,The Hospitals of Providence East Campus,79938
865900,Icon Hospital,77054
866100,HealthSouth Rehab Hospital of Round Rock,78681
869700,St Lukes Sugar Land Hospital,77479
871500,Select Rehab Hospital-Denton,76201
873200,Baylor Emergency Medical Center at Aubrey,76227
873700,Healthsouth Rehab Hospital Vision Park,77384
873800,Baylor Institute for Rehab-Fort Worth,76132
874000,Atrium Medical Center,77477
874100,Methodist Stone Oak Hospital,78258
902200,Texas Rehabilitation Hospital-Fort Worth,76104
914000,Kindred Hospital Dallas Central,75231
915000,Aspire Hospital,77304
916000,Emerus Hospital,75087
919000,Baylor Scott & White Medical Center Sunnyvale,75182
920000,Healthsouth Rehab Hospital Abilene,79606
921000,Seton Medical Center Hays,78640
923000,St Lukes Lakeside Hospital,77384
931000,South Texas Surgical Hospital,78414
936000,Baylor Orthopedic and Spine Hospital - Arlington,76015
937000,Methodist McKinney Hospital,75070
941000,Kindred Hospital The Heights,77008
943000,Texas Health Presbyterian Hospital Flower Mound,75028
945500,Victory Medical Center Houston,77004
957000,Carrus Rehab Hospital,75902
969000,HEALTHSOUTH Sugar Land Rehab Hospital,77479
969200,Behavioral Hospital-Bellaire,77081
969500,Carrollton Springs,75010
969600,Kindred Rehab Hospital Northeast Houston,77338
969700,El Paso Childrens Hospital,79905
970600,Healthsouth Rehab Hospital The Vintage,77070
970800,HealthSouth Rehabilitation Hospital South Austin,78704
971000,Seton Medical Center Harker Heights,76548
971200,Accel Rehab Hospital of Plano,75093
971900,Baylor Scott & White Medical Center McKinney,75071
972200,Cornerstone Hospital of South Houston,77004
972420,Baylor Emergency Medical Center,76034
972810,Baptist Emergency Hospital Overlook,78258
972900,Texas Health Harris Methodist Hospital Alliance,76131
972960,PAM Specialty Hospital of San Antonio,78249
973000,Baptist Emergency Hospital Westover Hills,76107
973100,St Joseph Medical Center-Heights,77002
973120,Baptist Emergency Hospital Schertz,78154
973130,PAM Specialty Hospital of Allen,75013
973150,Nix Community General Hospital,78017
973160,Austin Oaks Hospital,78745
973180,Crescent Medical Center Lancaster,75146
973240,Oceans Behavioral Hospital Abilene,79602
973250,PAM Specialty Hospital of Corpus Christi South,78414
973290,Arise Austin Medical Center,78746
973300,Select Rehabilitation Hospital-San Antonio,78239
973310,Corpus Christi Rehabilitation Hospital,78414
973320,PAM Specialty Hospital of Victoria South,77904
973340,Vibra Hospital of Amarillo,79106
973350,Vibra Rehabilitation Hospital Amarillo,79106
973390,Star Medical Center,75093
973400,Dallas Behavioral Healthcare Hospital,75115
973410,Cornerstone Hospital of Austin - Round Rock,78665
973420,Oceans Behavioral Hospital of Lufkin,75904
973430,Mesa Springs,76123
973450,PAM Specialty Hospital of Victoria,77901
973530,Nix Behavioral Health Center,78229
973540,Baylor Emergency Medical Center at Keller,76248
973550,Baylor Emergency Medical Center at Murphy,75094
973590,ContinueCare Hospital at Hendrick Medical Center,79601
973600,Emerus Community Hospital,77375
973610,Baylor Emergency Medical Center at Rockwall,75087
973620,Houston Methodist St Catherine Hospital,77450
973640,Houston Methodist St John Hospital,77058
973730,Rock Springs,78626
973740,Little River Healthcare - Cameron Hospital,76520
973750,Walnut Hill Medical Center,75231
973770,Oceans Behavioral Hospital of Fort Worth,76132
973780,Promise Hospital of Dallas,75235
973800,Promise Hospital of Wichita Falls,76301
973830,Rock Prairie Behavioral Health,77845
973840,Parkway Surgical and Cardiovascular Hospital,77389
973850,Resolute Health,78130
973860,Altus Baytown Hospital,77521
973900,San Antonio Behavioral Healthcare Hospital,78222
973910,Georgetown Behavioral Health Institute,78626
973920,Baylor Emergency Medical Center,76034
973930,CHRISTUS Santa Rosa Hospital Alamo Heights,78209
973960,Bay Area Regional Medical Center,77598
973970,Warm Springs Rehab Hospital Kyle,78640
974150,Woodlands Specialty Hospital,77386
974160,Oceans Behavioral Hospital of Plano,75093
974220,Baylor Emergency Medical Center,76034
974260,Westpark Springs,77407
974270,Select Specialty Hospital Dallas (Downtown),75115
974280,Hopebridge Hospital,77035
974290,Haven Behavioral Hospital of Frisco,75034
974300,Select Specialty Hospital Dallas at Garland,75042
974310,Vibra Rehab Hospital of Lake Travis,78734
974340,PAM Specialty Hospital of Texarkana South,75501
974350,PAM Specialty Hospital of Texarkana North,75503
974360,PAM Specialty Hospital of Corpus Christi North,78404
974370,Houston Behavioral Healthcare Hospital,77080
974380,Texas General Hospital Van Zandt Regional Medical Cente,75140
974390,Pearland Medical Center,77584
974400,Sundance Hospital Dallas,75042
974470,Laredo Rehabilitation Hospital,78041
974480,Weimar Medical Center,78962
974490,Medical Center of Alliance,76177
974500,Oceans Behavioral Hospital of Katy,77450
974530,PAM Rehabilitation Hospital of Clear Lake,77598
974620,Cross Creek Hospital,78754
974680,Weslaco Regional Rehab Hospital,78596
974710,Houston County Medical Center,75835
974720,ContinueCare Hospital at Medical Center Odessa,79761
974730,Texas Rehab Hospital of Arlington,76015
974800,First Texas Hospital,75006
974810,Oceans Behavioral Hospital of San Marcos,78666
974820,Memorial Hermann Orthopedic and Spine Hospital,77401
974910,Baylor Scott & White Surgical Hospital at Sherman,75090
974920,Plano Surgical Hospital,75093
974940,Baylor Scott & White Medical Center Marble Falls,78654
974980,Cumberland Surgical Hospital,78249
974990,Garland Behavioral Hospital,75042
975000,Weatherford Rehabilitation Hospital,76086
975010,Our Childrens House,75247
975020,TrustPoint Rehabilitation Hospital of Lubbock,79415
975111,Medical Center of Southeast Texas Victory Campus,77706
975112,Cleveland Emergency Hospital,77327
975121,JPS Health Network - Trinity Springs North,76104
975122,CHI St Lukes Health Springwoods Village,77389
975124,Sun Behavioral Houston,77054
975125,Pine Valley Specialty Hospital,77087
975129,First Baptist Medical Center,75231
975130,AD Hospital East,77015
975131,Bellaire Surgical Hospital,77401
975138,Memorial Hermann Pearland Hospital,77584
975139,Medical City Frisco,75034
975140,League City Campus Hospital,77573
975141,Kindred Hospital Medical Center Holcombe,77030
975142,Icare Rehabilitation Hospital,75028
975143,Vibra Hospital of Richardson,75080
975149,PAM Rehabilitation Hospital of Beaumont,77707
975152,Providence Hospital of North Houston,77090
975153,Methodist Southlake Hospital,76092
975154,Saint Camillus Medical Center,76054
975155,Kindred Hospital San Antonio Central,78205
975159,Christus Mother Frances Hospital Sulphur Springs,75482
975162,CHI St Joseph Rehab Hospital,77802
975164,Palms Behavioral Health,78550
975165,Baylor Scott & White Medical Center Lakeway,78738
975166,First Texas Hospital,75006
975167,Texas Health Hospital Clearfork,76109
